{"stats":{"minecraft:custom":{"minecraft:open_chest":1,"minecraft:time_since_rest":30524,"minecraft:crouch_one_cm":3866,"minecraft:sprint_one_cm":47163,"minecraft:play_time":30524,"minecraft:damage_taken":196,"minecraft:walk_one_cm":21347,"minecraft:sneak_time":1640,"minecraft:mob_kills":4,"minecraft:drop":1,"minecraft:jump":201,"minecraft:damage_dealt":964,"minecraft:leave_game":10,"minecraft:time_since_death":30524,"minecraft:total_world_time":30524,"minecraft:interact_with_crafting_table":1,"minecraft:talked_to_villager":2,"minecraft:fall_one_cm":5886,"minecraft:fly_one_cm":39529},"minecraft:killed":{"minecraft:trader_llama":2,"minecraft:wandering_trader":1,"minecraft:cow":1},"minecraft:picked_up":{"minecraft:birch_log":2,"minecraft:crafting_table":1,"minecraft:stick":10,"minecraft:leather":5,"minecraft:wheat_seeds":1,"minecraft:lead":2,"minecraft:hay_block":10,"minecraft:beef":1,"minecraft:oak_log":14,"minecraft:oak_sapling":3,"minecraft:dirt":1},"minecraft:crafted":{"minecraft:oak_planks":20,"minecraft:birch_planks":4,"minecraft:crafting_table":1,"minecraft:wooden_axe":1},"minecraft:mined":{"minecraft:hay_block":9,"minecraft:grass":8,"minecraft:oak_log":14,"minecraft:oak_leaves":6,"minecraft:crafting_table":1},"minecraft:dropped":{"minecraft:wooden_axe":1},"minecraft:used":{"minecraft:wooden_axe":12,"minecraft:crafting_table":1}},"DataVersion":3465}