{"stats":{"minecraft:killed":{"minecraft:wandering_trader":1,"minecraft:trader_llama":2,"minecraft:zombie":1,"minecraft:cow":1},"minecraft:mined":{"mekanism:osmium_ore":4,"minecraft:red_bed":2,"minecraft:crafting_table":2,"minecraft:chest":1,"minecraft:sugar_cane":2,"minecraft:hay_block":23,"minecraft:wheat":1,"minecraft:grass":13,"minecraft:oak_log":14,"minecraft:coal_ore":32,"minecraft:acacia_fence":1,"minecraft:acacia_door":1,"minecraft:stone":29,"minecraft:oak_leaves":6},"minecraft:crafted":{"minecraft:oak_planks":20,"minecraft:crafting_table":2,"minecraft:wooden_pickaxe":1,"minecraft:birch_planks":4,"minecraft:bread":30,"minecraft:shield":1,"minecraft:stone_pickaxe":2,"minecraft:wooden_axe":1,"minecraft:torch":8,"minecraft:wheat":99},"minecraft:dropped":{"minecraft:bread":25,"minecraft:cobblestone":23,"minecraft:coal":14,"minecraft:torch":8,"minecraft:wooden_axe":1,"minecraft:stone_pickaxe":1},"minecraft:custom":{"minecraft:mob_kills":7,"minecraft:interact_with_crafting_table":18,"minecraft:interact_with_grindstone":1,"minecraft:leave_game":17,"minecraft:time_since_death":56085,"minecraft:sleep_in_bed":2,"minecraft:time_since_rest":12434,"minecraft:sprint_one_cm":140028,"minecraft:damage_taken":479,"minecraft:walk_one_cm":42709,"minecraft:damage_blocked_by_shield":60,"minecraft:drop":6,"minecraft:damage_dealt":1185,"minecraft:swim_one_cm":807,"minecraft:talked_to_villager":6,"minecraft:fly_one_cm":138787,"minecraft:open_chest":13,"minecraft:crouch_one_cm":12096,"minecraft:play_time":56085,"minecraft:sneak_time":4951,"minecraft:walk_under_water_one_cm":39,"minecraft:jump":589,"minecraft:walk_on_water_one_cm":2192,"minecraft:total_world_time":56085,"minecraft:fall_one_cm":16154,"minecraft:horse_one_cm":3591},"minecraft:picked_up":{"minecraft:birch_log":2,"minecraft:crafting_table":2,"minecraft:wheat":21,"minecraft:leather":5,"minecraft:lead":2,"minecraft:oak_log":14,"minecraft:dirt":1,"minecraft:red_bed":2,"minecraft:acacia_door":1,"minecraft:bone":1,"minecraft:wheat_seeds":39,"minecraft:beef":1,"minecraft:sugar_cane":4,"minecraft:chest":1,"minecraft:egg":3,"minecraft:stick":10,"minecraft:acacia_fence":1,"minecraft:torch":1,"mekanism:raw_osmium":4,"minecraft:arrow":1,"minecraft:rotten_flesh":5,"minecraft:hay_block":24,"minecraft:oak_sapling":3,"minecraft:coal":30,"minecraft:cobblestone":29},"minecraft:used":{"minecraft:wheat_seeds":1,"minecraft:stone_pickaxe":48,"minecraft:shield":2,"minecraft:chest":1,"minecraft:wooden_pickaxe":26,"minecraft:torch":1,"minecraft:dirt":1,"minecraft:crafting_table":4,"minecraft:red_bed":2,"minecraft:wooden_axe":12,"minecraft:acacia_door":1,"minecraft:bread":9,"minecraft:hay_block":2,"minecraft:bucket":1,"minecraft:egg":3}},"DataVersion":3465}