{"stats":{"minecraft:killed_by":{"minecraft:zombie":2},"minecraft:crafted":{"minecraft:oak_planks":56,"mekanism:basic_universal_cable":8,"mekanismgenerators:solar_generator":1,"mekanism:ingot_osmium":22,"minecraft:furnace":4,"mekanismgenerators:heat_generator":1,"minecraft:glass_pane":16,"minecraft:glass":16,"minecraft:stone_pickaxe":2,"minecraft:chest":2,"mekanism:personal_chest":1,"mekanism:basic_fluid_tank":1,"mekanism:ingot_steel":20,"minecraft:stone_hoe":1,"mekanism:energy_tablet":3,"minecraft:wheat":198,"minecraft:cooked_porkchop":8,"mekanism:metallurgic_infuser":1,"minecraft:crafting_table":3,"minecraft:wooden_pickaxe":1,"minecraft:copper_ingot":6,"minecraft:birch_planks":8,"minecraft:stone_axe":1,"mekanism:ingot_lead":5,"minecraft:bread":95,"minecraft:air":0,"mekanism:basic_energy_cube":1,"mekanism:steel_casing":2,"minecraft:shield":1,"mekanism:enrichment_chamber":1,"minecraft:stick":12,"quark:oak_chest":2,"minecraft:iron_ingot":69,"minecraft:iron_pickaxe":2,"minecraft:wooden_axe":1,"minecraft:stone_sword":1,"minecraft:gold_ingot":22,"minecraft:torch":8,"mekanismgenerators:solar_panel":3},"minecraft:used":{"mekanism:enrichment_chamber":1,"minecraft:stone_sword":84,"minecraft:chest":1,"minecraft:shield":53,"minecraft:cooked_chicken":2,"minecraft:torch":1,"minecraft:dirt":11,"mekanism:basic_universal_cable":5,"mekanism:basic_energy_cube":1,"minecraft:wooden_axe":12,"minecraft:lava_bucket":7,"mekanismgenerators:heat_generator":1,"minecraft:bow":3,"minecraft:hay_block":2,"minecraft:furnace":1,"minecraft:egg":3,"minecraft:cobbled_deepslate":5,"minecraft:wheat_seeds":2,"minecraft:water_bucket":99,"minecraft:stone_pickaxe":83,"minecraft:wooden_pickaxe":26,"minecraft:red_bed":2,"minecraft:crafting_table":6,"minecraft:dripstone_block":5,"minecraft:acacia_door":1,"minecraft:iron_pickaxe":318,"minecraft:bread":69,"mekanism:metallurgic_infuser":2,"minecraft:stone_axe":34,"minecraft:cobblestone":5,"mekanismgenerators:solar_generator":4,"minecraft:cooked_porkchop":8,"minecraft:andesite":6,"minecraft:bucket":107,"quark:oak_chest":2},"minecraft:killed":{"minecraft:spider":2,"quark:toretoise":1,"quark:forgotten":1,"minecraft:skeleton":14,"mekanismadditions:baby_skeleton":6,"minecraft:wandering_trader":1,"minecraft:trader_llama":2,"minecraft:zombie":13,"minecraft:cow":1},"minecraft:picked_up":{"minecraft:crafting_table":3,"minecraft:wheat":123,"mekanism:raw_uranium":4,"minecraft:lead":2,"minecraft:red_bed":2,"minecraft:raw_copper":6,"minecraft:acacia_door":1,"mekanism:basic_universal_cable":1,"minecraft:cobbled_deepslate":15,"minecraft:beef":1,"minecraft:iron_pickaxe":1,"minecraft:sugar_cane":4,"minecraft:chest":1,"minecraft:egg":4,"minecraft:stick":10,"minecraft:raw_iron":90,"minecraft:acacia_fence":1,"minecraft:torch":1,"minecraft:pointed_dripstone":7,"minecraft:redstone":165,"mekanismgenerators:solar_generator":3,"mekanism:raw_tin":7,"minecraft:rotten_flesh":9,"minecraft:arrow":23,"minecraft:hay_block":24,"minecraft:cobblestone":90,"minecraft:birch_log":2,"mekanism:raw_lead":10,"minecraft:andesite":6,"minecraft:leather":5,"minecraft:tuff":2,"minecraft:oak_log":14,"minecraft:lapis_lazuli":51,"minecraft:dirt":15,"quark:forgotten_hat":1,"minecraft:bone":20,"mekanism:dust_steel":1,"minecraft:bow":2,"minecraft:wheat_seeds":221,"minecraft:raw_gold":22,"minecraft:cooked_chicken":2,"mekanism:metallurgic_infuser":1,"minecraft:dripstone_block":5,"minecraft:gravel":2,"minecraft:sand":16,"minecraft:ink_sac":2,"mekanism:raw_osmium":61,"minecraft:diamond":1,"minecraft:granite":3,"mekanism:fluorite_gem":30,"minecraft:oak_sapling":3,"minecraft:coal":39},"minecraft:dropped":{"minecraft:bread":25,"minecraft:cobblestone":23,"minecraft:coal":14,"minecraft:torch":8,"minecraft:wooden_axe":1,"minecraft:iron_pickaxe":1,"mekanism:personal_chest":1,"minecraft:stone_pickaxe":1},"minecraft:broken":{"minecraft:iron_pickaxe":1},"minecraft:mined":{"minecraft:tuff":2,"minecraft:deepslate_diamond_ore":1,"mekanismgenerators:solar_generator":3,"mekanism:deepslate_osmium_ore":3,"minecraft:granite":3,"minecraft:grass_block":7,"minecraft:hay_block":23,"minecraft:redstone_ore":6,"minecraft:iron_ore":79,"minecraft:fire":3,"minecraft:andesite":6,"minecraft:deepslate_lapis_ore":5,"minecraft:sculk_shrieker":1,"minecraft:pointed_dripstone":1,"minecraft:deepslate_iron_ore":12,"minecraft:dirt_path":1,"minecraft:stone":82,"minecraft:deepslate_redstone_ore":32,"mekanism:osmium_ore":58,"minecraft:red_bed":2,"minecraft:crafting_table":3,"minecraft:chest":1,"mekanism:tin_ore":5,"minecraft:copper_ore":1,"minecraft:cobblestone":5,"minecraft:lapis_ore":3,"minecraft:deepslate_gold_ore":17,"minecraft:sugar_cane":2,"mekanism:metallurgic_infuser":1,"minecraft:sculk":1,"minecraft:seagrass":1,"mekanism:fluorite_ore":9,"minecraft:wheat":1,"minecraft:grass":16,"mekanism:deepslate_tin_ore":1,"minecraft:oak_log":14,"minecraft:coal_ore":42,"mekanism:lead_ore":10,"minecraft:acacia_fence":1,"minecraft:acacia_door":1,"minecraft:sand":16,"minecraft:dirt":10,"mekanism:deepslate_uranium_ore":4,"mekanism:basic_universal_cable":1,"minecraft:gold_ore":5,"minecraft:oak_leaves":6,"minecraft:deepslate":19},"minecraft:custom":{"minecraft:mob_kills":46,"minecraft:interact_with_crafting_table":91,"minecraft:leave_game":23,"minecraft:time_since_death":135152,"minecraft:sprint_one_cm":702550,"minecraft:walk_one_cm":178706,"minecraft:damage_blocked_by_shield":1630,"minecraft:drop":8,"minecraft:talked_to_villager":6,"minecraft:play_time":236273,"minecraft:deaths":3,"minecraft:sneak_time":16280,"minecraft:walk_under_water_one_cm":20800,"minecraft:jump":4045,"minecraft:walk_on_water_one_cm":36966,"minecraft:total_world_time":236273,"minecraft:interact_with_furnace":76,"minecraft:interact_with_grindstone":1,"minecraft:sleep_in_bed":8,"minecraft:time_since_rest":19634,"minecraft:damage_taken":4448,"minecraft:damage_dealt":9188,"minecraft:swim_one_cm":52277,"minecraft:fly_one_cm":848969,"minecraft:open_chest":70,"minecraft:crouch_one_cm":31705,"minecraft:fall_one_cm":113650,"minecraft:horse_one_cm":3591}},"DataVersion":3465}