{"stats":{"minecraft:killed_by":{"minecraft:player":1,"mekanismadditions:baby_skeleton":1,"minecraft:zombie":2},"minecraft:crafted":{"minecraft:oak_planks":100,"mekanism:basic_universal_cable":16,"mekanismgenerators:solar_generator":1,"mekanism:ingot_osmium":26,"mekanism:electrolytic_separator":1,"minecraft:cooked_chicken":1,"mekanism:basic_chemical_tank":1,"mekanism:electrolytic_core":1,"minecraft:furnace":4,"mekanism:energized_smelter":1,"mekanismgenerators:heat_generator":1,"minecraft:glass_pane":16,"mekanism:jetpack":1,"minecraft:glass":24,"minecraft:stone_pickaxe":2,"mekanism:electric_pump":1,"minecraft:chest":4,"mekanism:personal_chest":2,"mekanism:basic_fluid_tank":1,"mekanism:ingot_steel":27,"minecraft:stone_hoe":1,"mekanism:energy_tablet":3,"mekanismtools:osmium_pickaxe":1,"minecraft:wheat":243,"mekanism:ingot_tin":4,"minecraft:cooked_porkchop":8,"mekanism:metallurgic_infuser":1,"minecraft:crafting_table":3,"minecraft:wooden_pickaxe":1,"minecraft:copper_ingot":6,"minecraft:bucket":3,"minecraft:birch_planks":8,"minecraft:stone_axe":1,"mekanism:ingot_lead":5,"minecraft:bread":126,"minecraft:air":0,"mekanism:upgrade_speed":2,"mekanism:basic_energy_cube":1,"mekanism:steel_casing":5,"minecraft:shield":1,"mekanism:enrichment_chamber":1,"minecraft:stick":16,"quark:oak_chest":6,"mekanism:crusher":1,"minecraft:iron_ingot":85,"minecraft:iron_pickaxe":3,"minecraft:wooden_axe":1,"minecraft:stone_sword":1,"minecraft:iron_shovel":1,"minecraft:gold_ingot":22,"minecraft:acacia_planks":4,"mekanismtools:steel_pickaxe":1,"minecraft:torch":8,"mekanism:advanced_universal_cable":16,"mekanismgenerators:solar_panel":3},"minecraft:used":{"minecraft:peony":3,"minecraft:stone_sword":133,"mekanism:enrichment_chamber":1,"minecraft:iron_shovel":14,"minecraft:chest":3,"minecraft:shield":61,"minecraft:cooked_chicken":3,"minecraft:rotten_flesh":5,"minecraft:stone_hoe":9,"minecraft:torch":1,"minecraft:dirt":31,"mekanism:basic_universal_cable":10,"mekanism:basic_energy_cube":3,"minecraft:wooden_axe":12,"minecraft:lava_bucket":9,"mekanismgenerators:heat_generator":1,"minecraft:bow":3,"minecraft:hay_block":2,"minecraft:oak_sapling":3,"minecraft:furnace":2,"minecraft:egg":3,"mekanism:electrolytic_separator":1,"minecraft:cobbled_deepslate":6,"mekanism:advanced_universal_cable":8,"minecraft:pointed_dripstone":1,"minecraft:wheat_seeds":3,"minecraft:water_bucket":138,"mekanism:electric_pump":1,"minecraft:stone_pickaxe":83,"minecraft:oak_planks":3,"mekanism:personal_chest":5,"quark:hollow_birch_log":1,"minecraft:wooden_pickaxe":26,"minecraft:red_bed":2,"minecraft:crafting_table":6,"minecraft:dripstone_block":8,"mekanismtools:osmium_pickaxe":247,"mekanism:crusher":1,"minecraft:acacia_door":1,"minecraft:iron_pickaxe":359,"mekanism:upgrade_speed":6,"minecraft:bread":112,"mekanism:metallurgic_infuser":2,"mekanismtools:steel_pickaxe":4,"mekanism:energized_smelter":1,"minecraft:gravel":4,"minecraft:stone_axe":75,"minecraft:cobblestone":5,"mekanismgenerators:solar_generator":4,"minecraft:andesite":6,"minecraft:cooked_porkchop":10,"minecraft:bucket":151,"quark:oak_chest":3,"mekanism:jetpack":2},"minecraft:killed":{"minecraft:spider":3,"quark:toretoise":1,"quark:forgotten":1,"minecraft:skeleton":17,"mekanismadditions:baby_skeleton":6,"minecraft:chicken":1,"minecraft:wandering_trader":1,"minecraft:creeper":6,"minecraft:trader_llama":2,"minecraft:zombie":28,"minecraft:cow":1},"minecraft:picked_up":{"minecraft:crafting_table":3,"minecraft:wheat":173,"minecraft:chicken":1,"mekanism:raw_uranium":5,"minecraft:lead":2,"minecraft:string":1,"minecraft:red_bed":2,"minecraft:moss_carpet":2,"minecraft:raw_copper":6,"minecraft:acacia_door":1,"minecraft:cobbled_deepslate":38,"mekanism:basic_universal_cable":9,"minecraft:beef":1,"minecraft:poppy":2,"minecraft:iron_pickaxe":5,"minecraft:sugar_cane":4,"minecraft:chest":1,"minecraft:furnace":2,"minecraft:egg":4,"minecraft:stick":24,"minecraft:raw_iron":90,"minecraft:acacia_fence":1,"minecraft:torch":1,"minecraft:acacia_log":8,"minecraft:pointed_dripstone":8,"mekanism:basic_energy_cube":2,"minecraft:redstone":165,"mekanismgenerators:solar_generator":3,"mekanism:raw_tin":7,"minecraft:arrow":27,"minecraft:rotten_flesh":31,"minecraft:peony":3,"minecraft:hay_block":29,"minecraft:obsidian":4,"minecraft:cobblestone":124,"quark:music_disc_wind":1,"minecraft:birch_log":2,"mekanism:raw_lead":10,"minecraft:andesite":6,"minecraft:leather":5,"minecraft:tuff":2,"minecraft:oak_log":25,"minecraft:gunpowder":5,"minecraft:lapis_lazuli":51,"minecraft:dirt":24,"quark:forgotten_hat":1,"minecraft:bone":23,"mekanism:dust_steel":1,"minecraft:bow":2,"minecraft:wheat_seeds":314,"minecraft:raw_gold":27,"minecraft:iron_ingot":3,"minecraft:cooked_chicken":2,"mekanism:metallurgic_infuser":1,"minecraft:cooked_porkchop":2,"minecraft:dripstone_block":5,"minecraft:gravel":10,"minecraft:sand":38,"dynamictrees:acacia_seed":6,"minecraft:ink_sac":2,"minecraft:grass_block":1,"mekanism:raw_osmium":70,"minecraft:diamond":2,"mekanism:fluorite_gem":30,"minecraft:granite":5,"minecraft:grass":1,"quark:hollow_birch_log":1,"minecraft:oak_sapling":7,"minecraft:coal":259,"minecraft:ender_pearl":1},"minecraft:dropped":{"minecraft:water_bucket":1,"minecraft:bread":25,"mekanism:jetpack":1,"minecraft:cobblestone":23,"minecraft:coal":14,"minecraft:grass":1,"minecraft:torch":8,"minecraft:wooden_axe":1,"minecraft:iron_pickaxe":6,"minecraft:gravel":4,"mekanism:personal_chest":1,"minecraft:stone_pickaxe":1},"minecraft:broken":{"minecraft:stone_sword":1,"minecraft:stone_axe":1,"minecraft:iron_pickaxe":1,"quark:forgotten_hat":1},"minecraft:mined":{"minecraft:tuff":2,"minecraft:deepslate_diamond_ore":1,"mekanismgenerators:solar_generator":3,"minecraft:obsidian":4,"mekanism:deepslate_osmium_ore":4,"minecraft:granite":5,"minecraft:grass_block":7,"minecraft:hay_block":29,"dynamictrees:oak_leaves":3,"minecraft:redstone_ore":6,"minecraft:furnace":1,"minecraft:iron_ore":79,"minecraft:fire":3,"minecraft:andesite":6,"minecraft:deepslate_lapis_ore":5,"minecraft:peony":1,"minecraft:sculk_shrieker":1,"minecraft:pointed_dripstone":2,"minecraft:deepslate_iron_ore":12,"minecraft:dirt_path":1,"minecraft:stone":116,"minecraft:deepslate_redstone_ore":32,"mekanism:osmium_ore":66,"minecraft:red_bed":2,"mekanism:basic_energy_cube":1,"minecraft:crafting_table":3,"minecraft:chest":1,"mekanism:tin_ore":5,"minecraft:copper_ore":1,"minecraft:tall_grass":5,"minecraft:cobblestone":5,"minecraft:deepslate_gold_ore":17,"minecraft:lapis_ore":3,"minecraft:sugar_cane":2,"mekanism:metallurgic_infuser":1,"minecraft:sculk":1,"minecraft:seagrass":1,"mekanism:fluorite_ore":9,"minecraft:wheat":2,"minecraft:grass":32,"mekanism:deepslate_tin_ore":1,"minecraft:oak_log":25,"minecraft:coal_ore":257,"mekanism:lead_ore":10,"minecraft:acacia_fence":1,"minecraft:acacia_door":1,"minecraft:sand":38,"minecraft:dirt":10,"mekanism:deepslate_uranium_ore":5,"mekanism:basic_universal_cable":9,"minecraft:gold_ore":10,"minecraft:oak_leaves":6,"minecraft:deepslate":37},"minecraft:custom":{"minecraft:mob_kills":73,"minecraft:interact_with_crafting_table":177,"minecraft:leave_game":39,"minecraft:time_since_death":1180,"minecraft:sprint_one_cm":1091494,"minecraft:damage_blocked_by_shield":1825,"minecraft:walk_one_cm":289417,"minecraft:drop":17,"minecraft:talked_to_villager":9,"minecraft:play_time":392804,"minecraft:sneak_time":27128,"minecraft:deaths":6,"minecraft:walk_under_water_one_cm":40477,"minecraft:jump":6107,"minecraft:walk_on_water_one_cm":64085,"minecraft:total_world_time":392804,"minecraft:interact_with_furnace":119,"minecraft:interact_with_grindstone":1,"minecraft:sleep_in_bed":15,"minecraft:time_since_rest":1267,"minecraft:damage_taken":7251,"minecraft:damage_dealt":14190,"minecraft:swim_one_cm":134836,"minecraft:fly_one_cm":1348463,"minecraft:open_chest":150,"minecraft:crouch_one_cm":49761,"minecraft:fall_one_cm":173487,"minecraft:horse_one_cm":3591}},"DataVersion":3465}