{"stats":{"minecraft:killed_by":{"mekanismadditions:baby_skeleton":2,"minecraft:creeper":1,"minecraft:zombie":1},"minecraft:crafted":{"minecraft:cooked_beef":1,"minecraft:cooked_porkchop":2,"minecraft:cooked_chicken":4,"minecraft:furnace":1,"minecraft:cooked_mutton":9,"minecraft:stick":32,"minecraft:iron_ingot":12,"minecraft:iron_pickaxe":3,"minecraft:wooden_axe":3,"minecraft:acacia_planks":12,"minecraft:torch":80},"minecraft:used":{"minecraft:water_bucket":1,"minecraft:diorite":1,"minecraft:stone_pickaxe":131,"mekanism:personal_chest":3,"minecraft:cooked_chicken":2,"minecraft:torch":81,"minecraft:dirt":2,"minecraft:red_bed":2,"minecraft:wooden_axe":131,"minecraft:acacia_door":1,"minecraft:bread":54,"minecraft:iron_pickaxe":693,"minecraft:gravel":2,"minecraft:cobblestone":167,"minecraft:furnace":1,"minecraft:cooked_beef":1},"minecraft:killed":{"minecraft:pig":6,"minecraft:skeleton":4,"minecraft:sheep":8,"minecraft:zombie":2,"minecraft:chicken":6,"minecraft:cow":4},"minecraft:picked_up":{"minecraft:birch_log":19,"minecraft:feather":5,"minecraft:chicken":6,"mekanism:raw_uranium":5,"mekanism:raw_lead":1,"minecraft:water_bucket":1,"minecraft:andesite":7,"minecraft:leather":4,"minecraft:tuff":1,"minecraft:oak_log":5,"minecraft:string":1,"minecraft:lapis_lazuli":48,"minecraft:dirt":33,"minecraft:red_bed":2,"minecraft:raw_copper":146,"minecraft:acacia_door":1,"minecraft:bone":8,"minecraft:glass_pane":7,"minecraft:wheat_seeds":237,"minecraft:cobbled_deepslate":25,"minecraft:raw_gold":2,"minecraft:beef":6,"minecraft:stone_pickaxe":1,"minecraft:tall_grass":3,"minecraft:iron_pickaxe":8,"minecraft:sugar_cane":5,"minecraft:egg":1,"minecraft:stick":6,"minecraft:raw_iron":75,"minecraft:acacia_fence":1,"minecraft:pumpkin":8,"minecraft:torch":49,"minecraft:acacia_log":13,"minecraft:dripstone_block":7,"minecraft:gravel":4,"minecraft:porkchop":13,"minecraft:sand":9,"dynamictrees:acacia_seed":1,"minecraft:pointed_dripstone":12,"minecraft:diorite":8,"minecraft:redstone":131,"mekanism:raw_osmium":25,"mekanism:raw_tin":28,"minecraft:orange_bed":2,"minecraft:arrow":7,"minecraft:rotten_flesh":2,"minecraft:diamond":1,"minecraft:hay_block":1,"mekanism:fluorite_gem":7,"minecraft:granite":27,"minecraft:gray_wool":1,"minecraft:bread":25,"minecraft:black_wool":1,"minecraft:obsidian":5,"minecraft:mutton":12,"mekanism:personal_chest":1,"minecraft:coal":281,"minecraft:white_wool":10,"minecraft:cobblestone":279,"minecraft:wooden_axe":2},"minecraft:dropped":{"mekanism:dust_steel":1,"minecraft:cooked_chicken":2,"minecraft:rotten_flesh":2,"minecraft:diorite":1,"minecraft:torch":1,"minecraft:wooden_axe":1,"minecraft:iron_pickaxe":7},"minecraft:broken":{"minecraft:stone_pickaxe":1,"minecraft:iron_pickaxe":2,"minecraft:wooden_axe":3},"minecraft:mined":{"minecraft:deepslate_redstone_ore":15,"minecraft:tuff":1,"mekanism:osmium_ore":23,"minecraft:red_bed":2,"minecraft:deepslate_diamond_ore":2,"minecraft:sculk_vein":3,"mekanism:deepslate_osmium_ore":2,"minecraft:glow_lichen":1,"minecraft:torch":2,"minecraft:granite":28,"minecraft:acacia_log":13,"minecraft:grass_block":9,"mekanism:tin_ore":21,"minecraft:sculk_sensor":2,"minecraft:copper_ore":42,"minecraft:tall_grass":1,"minecraft:cobblestone":8,"minecraft:deepslate_gold_ore":2,"minecraft:lapis_ore":2,"minecraft:sculk":6,"minecraft:diorite":4,"minecraft:wall_torch":36,"minecraft:hay_block":2,"minecraft:redstone_ore":4,"minecraft:birch_log":20,"minecraft:iron_ore":66,"minecraft:andesite":7,"minecraft:pumpkin":8,"minecraft:deepslate_lapis_ore":5,"minecraft:grass":34,"mekanism:deepslate_tin_ore":8,"minecraft:coal_ore":265,"minecraft:oak_log":5,"minecraft:deepslate_iron_ore":8,"mekanism:lead_ore":1,"minecraft:sand":9,"minecraft:acacia_door":1,"mekanism:deepslate_fluorite_ore":2,"minecraft:gravel":3,"minecraft:dripstone_block":1,"minecraft:dirt":12,"mekanism:deepslate_uranium_ore":5,"minecraft:stone":244,"minecraft:oak_leaves":2,"minecraft:deepslate":23,"minecraft:orange_bed":1},"minecraft:custom":{"minecraft:interact_with_furnace":17,"minecraft:mob_kills":31,"minecraft:interact_with_crafting_table":13,"minecraft:interact_with_cartography_table":1,"minecraft:leave_game":9,"minecraft:time_since_death":6245,"minecraft:sleep_in_bed":8,"minecraft:climb_one_cm":286,"minecraft:time_since_rest":4532,"minecraft:sprint_one_cm":368796,"minecraft:damage_taken":3969,"minecraft:walk_one_cm":545694,"minecraft:drop":15,"minecraft:damage_dealt":3489,"minecraft:player_kills":1,"minecraft:swim_one_cm":20718,"minecraft:fly_one_cm":204052,"minecraft:open_chest":27,"minecraft:crouch_one_cm":583,"minecraft:play_time":256544,"minecraft:sneak_time":306,"minecraft:deaths":4,"minecraft:walk_under_water_one_cm":97717,"minecraft:jump":2695,"minecraft:walk_on_water_one_cm":163023,"minecraft:total_world_time":256544,"minecraft:fall_one_cm":57789}},"DataVersion":3465}