{"stats":{"minecraft:killed":{"minecraft:pig":1,"minecraft:chicken":3,"minecraft:cow":4},"minecraft:mined":{"minecraft:hay_block":2,"minecraft:tuff":1,"minecraft:iron_ore":12,"minecraft:birch_log":20,"minecraft:torch":1,"minecraft:grass":23,"mekanism:deepslate_tin_ore":5,"minecraft:acacia_log":13,"minecraft:coal_ore":11,"minecraft:oak_log":5,"minecraft:acacia_door":1,"mekanism:tin_ore":3,"minecraft:gravel":2,"minecraft:dripstone_block":1,"minecraft:copper_ore":40,"minecraft:stone":37,"minecraft:diorite":1,"minecraft:oak_leaves":2,"minecraft:wall_torch":8,"minecraft:deepslate":18},"minecraft:crafted":{"minecraft:stick":32,"minecraft:cooked_chicken":3,"minecraft:wooden_axe":3,"minecraft:furnace":1,"minecraft:acacia_planks":12,"minecraft:torch":20},"minecraft:dropped":{"minecraft:diorite":1,"minecraft:rotten_flesh":2},"minecraft:broken":{"minecraft:stone_pickaxe":1,"minecraft:wooden_axe":1},"minecraft:custom":{"minecraft:damage_taken":679,"minecraft:interact_with_furnace":4,"minecraft:sprint_one_cm":141128,"minecraft:walk_one_cm":170902,"minecraft:mob_kills":8,"minecraft:drop":3,"minecraft:damage_dealt":691,"minecraft:swim_one_cm":7483,"minecraft:interact_with_crafting_table":4,"minecraft:fly_one_cm":50775,"minecraft:open_chest":11,"minecraft:crouch_one_cm":453,"minecraft:play_time":66727,"minecraft:sneak_time":115,"minecraft:walk_under_water_one_cm":18753,"minecraft:jump":604,"minecraft:leave_game":2,"minecraft:time_since_death":66727,"minecraft:walk_on_water_one_cm":33278,"minecraft:sleep_in_bed":2,"minecraft:total_world_time":66727,"minecraft:fall_one_cm":16199,"minecraft:time_since_rest":30594},"minecraft:picked_up":{"minecraft:wooden_axe":1,"minecraft:birch_log":19,"minecraft:stick":6,"minecraft:raw_iron":12,"minecraft:feather":2,"minecraft:chicken":3,"minecraft:leather":4,"minecraft:torch":18,"minecraft:acacia_log":13,"minecraft:dripstone_block":1,"minecraft:gravel":2,"minecraft:porkchop":2,"minecraft:tuff":1,"dynamictrees:acacia_seed":1,"minecraft:oak_log":5,"minecraft:pointed_dripstone":1,"minecraft:diorite":5,"mekanism:raw_tin":7,"minecraft:raw_copper":139,"minecraft:acacia_door":1,"minecraft:rotten_flesh":2,"minecraft:wheat_seeds":5,"minecraft:cobbled_deepslate":18,"minecraft:hay_block":1,"minecraft:beef":6,"minecraft:stone_pickaxe":1,"minecraft:bread":25,"minecraft:sugar_cane":1,"minecraft:coal":27,"minecraft:cobblestone":59},"minecraft:used":{"minecraft:wooden_axe":35,"minecraft:acacia_door":1,"minecraft:stone_pickaxe":131,"minecraft:bread":10,"minecraft:torch":15,"minecraft:cobblestone":3,"minecraft:furnace":1}},"DataVersion":3465}