{"stats":{"minecraft:custom":{"minecraft:time_since_rest":10939,"minecraft:crouch_one_cm":16,"minecraft:sprint_one_cm":5206,"minecraft:play_time":10939,"minecraft:damage_taken":234,"minecraft:walk_one_cm":38992,"minecraft:sneak_time":11,"minecraft:mob_kills":1,"minecraft:jump":76,"minecraft:damage_dealt":111,"minecraft:leave_game":1,"minecraft:time_since_death":10939,"minecraft:total_world_time":10939,"minecraft:fall_one_cm":853,"minecraft:fly_one_cm":1097},"minecraft:killed":{"minecraft:chicken":1},"minecraft:picked_up":{"minecraft:wooden_axe":1,"minecraft:birch_log":19,"minecraft:stick":5,"minecraft:chicken":1,"minecraft:torch":1,"minecraft:hay_block":1,"dynamictrees:acacia_seed":1,"minecraft:oak_log":5},"minecraft:mined":{"minecraft:hay_block":2,"minecraft:oak_log":5,"minecraft:birch_log":20,"minecraft:oak_leaves":2,"minecraft:wall_torch":1},"minecraft:used":{"minecraft:wooden_axe":12}},"DataVersion":3465}