{"stats":{"minecraft:killed_by":{"minecraft:creeper":1,"mekanismadditions:baby_skeleton":2,"minecraft:zombie":1},"minecraft:crafted":{"minecraft:cooked_chicken":4,"minecraft:furnace":3,"minecraft:cooked_mutton":9,"minecraft:cooked_beef":5,"minecraft:cooked_porkchop":7,"minecraft:crafting_table":1,"minecraft:stone_axe":1,"minecraft:stick":36,"minecraft:iron_pickaxe":4,"minecraft:iron_ingot":15,"minecraft:wooden_axe":3,"minecraft:acacia_planks":12,"minecraft:torch":80},"minecraft:used":{"minecraft:cooked_chicken":2,"minecraft:orange_bed":6,"minecraft:torch":91,"minecraft:dirt":2,"minecraft:wooden_axe":162,"minecraft:furnace":2,"minecraft:cooked_beef":3,"minecraft:cooked_mutton":9,"minecraft:water_bucket":1,"minecraft:diorite":1,"minecraft:stone_pickaxe":131,"mekanism:personal_chest":4,"minecraft:crafting_table":5,"minecraft:red_bed":2,"minecraft:acacia_door":1,"minecraft:bread":54,"minecraft:iron_pickaxe":1124,"minecraft:gravel":2,"minecraft:stone_axe":71,"minecraft:cobblestone":227,"minecraft:cooked_porkchop":5,"minecraft:bucket":1},"minecraft:killed":{"mekanismadditions:baby_skeleton":1,"minecraft:skeleton":4,"minecraft:chicken":8,"minecraft:pig":9,"minecraft:sheep":8,"minecraft:zombie":4,"minecraft:cow":10},"minecraft:picked_up":{"minecraft:wooden_axe":2,"minecraft:crafting_table":5,"minecraft:chicken":8,"mekanism:raw_uranium":18,"minecraft:red_bed":2,"minecraft:string":1,"minecraft:raw_copper":146,"minecraft:acacia_door":1,"minecraft:glass_pane":7,"minecraft:cobbled_deepslate":188,"minecraft:beef":17,"minecraft:iron_pickaxe":9,"minecraft:sugar_cane":5,"minecraft:furnace":2,"minecraft:egg":5,"minecraft:stick":8,"minecraft:raw_iron":90,"minecraft:acacia_fence":1,"mekanism:jetpack":1,"minecraft:torch":53,"minecraft:acacia_log":13,"minecraft:porkchop":21,"minecraft:pointed_dripstone":12,"minecraft:diorite":8,"minecraft:redstone":190,"mekanism:raw_tin":43,"minecraft:orange_bed":8,"minecraft:arrow":7,"minecraft:rotten_flesh":2,"minecraft:hay_block":1,"minecraft:mutton":12,"minecraft:obsidian":5,"mekanism:personal_chest":1,"minecraft:white_wool":10,"minecraft:cobblestone":354,"minecraft:birch_log":29,"minecraft:feather":5,"minecraft:lilac":15,"mekanism:raw_lead":1,"minecraft:water_bucket":1,"minecraft:andesite":8,"minecraft:leather":9,"minecraft:flint":3,"minecraft:tuff":5,"minecraft:oak_log":16,"minecraft:lapis_lazuli":183,"minecraft:dirt":52,"minecraft:bone":9,"minecraft:bow":1,"minecraft:wheat_seeds":237,"minecraft:raw_gold":8,"minecraft:stone_pickaxe":1,"quark:glow_shroom":1,"minecraft:tall_grass":3,"minecraft:cooked_porkchop":7,"minecraft:pumpkin":8,"minecraft:dripstone_block":7,"minecraft:gravel":10,"minecraft:sand":9,"dynamictrees:acacia_seed":1,"quark:glow_lichen_growth":2,"mekanism:raw_osmium":39,"minecraft:diamond":1,"minecraft:granite":28,"mekanism:fluorite_gem":13,"minecraft:gray_wool":1,"minecraft:bread":25,"minecraft:oak_sapling":1,"minecraft:black_wool":1,"minecraft:coal":340},"minecraft:dropped":{"mekanism:dust_steel":1,"minecraft:cooked_porkchop":9,"minecraft:dirt":19,"minecraft:diorite":1,"minecraft:torch":1,"minecraft:wooden_axe":1,"minecraft:iron_pickaxe":8,"minecraft:furnace":3,"minecraft:cooked_chicken":2,"minecraft:rotten_flesh":2},"minecraft:broken":{"minecraft:stone_pickaxe":1,"minecraft:iron_pickaxe":4,"minecraft:wooden_axe":4},"minecraft:mined":{"minecraft:tuff":5,"minecraft:deepslate_diamond_ore":2,"minecraft:sculk_vein":3,"mekanism:deepslate_osmium_ore":16,"minecraft:glow_lichen":1,"minecraft:granite":29,"minecraft:acacia_log":13,"minecraft:grass_block":17,"quark:glow_lichen_growth":1,"minecraft:hay_block":2,"minecraft:redstone_ore":4,"minecraft:iron_ore":80,"minecraft:andesite":8,"minecraft:pumpkin":8,"minecraft:deepslate_lapis_ore":26,"minecraft:deepslate_iron_ore":10,"minecraft:stone":321,"minecraft:orange_bed":7,"minecraft:deepslate_redstone_ore":28,"mekanism:osmium_ore":23,"minecraft:red_bed":2,"minecraft:crafting_table":5,"minecraft:torch":2,"mekanism:tin_ore":36,"minecraft:sculk_sensor":2,"minecraft:tall_grass":1,"minecraft:copper_ore":42,"minecraft:cobblestone":9,"minecraft:lapis_ore":2,"minecraft:deepslate_gold_ore":8,"minecraft:sculk":6,"minecraft:diorite":4,"minecraft:wall_torch":40,"minecraft:seagrass":1,"minecraft:birch_log":30,"minecraft:lilac":15,"minecraft:birch_leaves":1,"quark:glow_shroom":1,"minecraft:grass":37,"mekanism:deepslate_tin_ore":8,"minecraft:oak_log":16,"minecraft:coal_ore":318,"mekanism:lead_ore":1,"minecraft:dripstone_block":1,"mekanism:deepslate_fluorite_ore":4,"minecraft:acacia_door":1,"minecraft:gravel":12,"minecraft:sand":9,"minecraft:dirt":23,"mekanism:deepslate_uranium_ore":18,"minecraft:oak_leaves":35,"minecraft:deepslate":186},"minecraft:custom":{"minecraft:mob_kills":45,"minecraft:interact_with_crafting_table":28,"minecraft:leave_game":12,"minecraft:time_since_death":125068,"minecraft:climb_one_cm":415,"minecraft:sprint_one_cm":550278,"minecraft:walk_one_cm":834325,"minecraft:drop":47,"minecraft:play_time":375367,"minecraft:deaths":4,"minecraft:sneak_time":401,"minecraft:walk_under_water_one_cm":120297,"minecraft:jump":3864,"minecraft:walk_on_water_one_cm":190770,"minecraft:total_world_time":375367,"minecraft:interact_with_furnace":24,"minecraft:interact_with_cartography_table":1,"minecraft:sleep_in_bed":15,"minecraft:time_since_rest":25358,"minecraft:damage_taken":5154,"minecraft:damage_dealt":5337,"minecraft:swim_one_cm":36564,"minecraft:fly_one_cm":270901,"minecraft:player_kills":1,"minecraft:open_chest":33,"minecraft:crouch_one_cm":696,"minecraft:fall_one_cm":79465}},"DataVersion":3465}