{"stats":{"minecraft:killed_by":{"mekanismadditions:baby_skeleton":2,"minecraft:creeper":1,"minecraft:zombie":1},"minecraft:crafted":{"minecraft:cooked_beef":1,"minecraft:cooked_porkchop":2,"minecraft:cooked_chicken":4,"minecraft:furnace":1,"minecraft:cooked_mutton":9,"minecraft:stick":32,"minecraft:iron_ingot":12,"minecraft:iron_pickaxe":3,"minecraft:wooden_axe":3,"minecraft:acacia_planks":12,"minecraft:torch":80},"minecraft:used":{"minecraft:cooked_mutton":4,"minecraft:water_bucket":1,"minecraft:diorite":1,"minecraft:stone_pickaxe":131,"mekanism:personal_chest":4,"minecraft:cooked_chicken":2,"minecraft:torch":90,"minecraft:dirt":2,"minecraft:red_bed":2,"minecraft:wooden_axe":131,"minecraft:acacia_door":1,"minecraft:bread":54,"minecraft:iron_pickaxe":979,"minecraft:gravel":2,"minecraft:cobblestone":199,"minecraft:furnace":1,"minecraft:bucket":1,"minecraft:cooked_beef":1},"minecraft:killed":{"minecraft:pig":6,"minecraft:skeleton":4,"minecraft:sheep":8,"minecraft:zombie":2,"minecraft:chicken":6,"minecraft:cow":4},"minecraft:picked_up":{"minecraft:birch_log":19,"minecraft:feather":5,"minecraft:chicken":6,"mekanism:raw_uranium":18,"mekanism:raw_lead":1,"minecraft:water_bucket":1,"minecraft:andesite":8,"minecraft:leather":4,"minecraft:flint":2,"minecraft:tuff":5,"minecraft:oak_log":5,"minecraft:lapis_lazuli":183,"minecraft:string":1,"minecraft:dirt":33,"minecraft:red_bed":2,"minecraft:raw_copper":146,"minecraft:acacia_door":1,"minecraft:bone":8,"minecraft:glass_pane":7,"minecraft:wheat_seeds":237,"minecraft:cobbled_deepslate":188,"minecraft:raw_gold":8,"minecraft:beef":6,"quark:glow_shroom":1,"minecraft:stone_pickaxe":1,"minecraft:tall_grass":3,"minecraft:iron_pickaxe":8,"minecraft:sugar_cane":5,"minecraft:egg":1,"minecraft:stick":8,"minecraft:raw_iron":77,"minecraft:acacia_fence":1,"mekanism:jetpack":1,"minecraft:pumpkin":8,"minecraft:torch":52,"minecraft:acacia_log":13,"minecraft:dripstone_block":7,"minecraft:gravel":10,"minecraft:porkchop":13,"minecraft:sand":9,"dynamictrees:acacia_seed":1,"minecraft:diorite":8,"minecraft:pointed_dripstone":12,"quark:glow_lichen_growth":2,"minecraft:redstone":190,"mekanism:raw_osmium":39,"mekanism:raw_tin":39,"minecraft:orange_bed":2,"minecraft:arrow":7,"minecraft:rotten_flesh":2,"minecraft:diamond":1,"minecraft:hay_block":1,"mekanism:fluorite_gem":13,"minecraft:granite":28,"minecraft:gray_wool":1,"minecraft:bread":25,"minecraft:black_wool":1,"minecraft:obsidian":5,"minecraft:mutton":12,"mekanism:personal_chest":1,"minecraft:coal":301,"minecraft:white_wool":10,"minecraft:cobblestone":281,"minecraft:wooden_axe":2},"minecraft:dropped":{"mekanism:dust_steel":1,"minecraft:cooked_chicken":2,"minecraft:rotten_flesh":2,"minecraft:diorite":1,"minecraft:torch":1,"minecraft:wooden_axe":1,"minecraft:iron_pickaxe":7},"minecraft:broken":{"minecraft:stone_pickaxe":1,"minecraft:iron_pickaxe":3,"minecraft:wooden_axe":3},"minecraft:mined":{"minecraft:deepslate_redstone_ore":28,"minecraft:tuff":5,"mekanism:osmium_ore":23,"minecraft:red_bed":2,"minecraft:deepslate_diamond_ore":2,"minecraft:sculk_vein":3,"minecraft:glow_lichen":1,"minecraft:torch":2,"mekanism:deepslate_osmium_ore":16,"minecraft:granite":29,"minecraft:acacia_log":13,"minecraft:grass_block":9,"mekanism:tin_ore":32,"minecraft:sculk_sensor":2,"minecraft:copper_ore":42,"minecraft:tall_grass":1,"minecraft:cobblestone":9,"minecraft:deepslate_gold_ore":8,"minecraft:lapis_ore":2,"minecraft:sculk":6,"minecraft:diorite":4,"minecraft:wall_torch":39,"quark:glow_lichen_growth":1,"minecraft:hay_block":2,"minecraft:redstone_ore":4,"minecraft:birch_log":20,"minecraft:iron_ore":66,"minecraft:andesite":8,"minecraft:pumpkin":8,"minecraft:deepslate_lapis_ore":26,"quark:glow_shroom":1,"minecraft:grass":34,"mekanism:deepslate_tin_ore":8,"minecraft:coal_ore":285,"minecraft:oak_log":5,"minecraft:deepslate_iron_ore":10,"mekanism:lead_ore":1,"minecraft:sand":9,"minecraft:acacia_door":1,"mekanism:deepslate_fluorite_ore":4,"minecraft:gravel":11,"minecraft:dripstone_block":1,"minecraft:dirt":12,"mekanism:deepslate_uranium_ore":18,"minecraft:stone":245,"minecraft:oak_leaves":2,"minecraft:deepslate":186,"minecraft:orange_bed":1},"minecraft:custom":{"minecraft:interact_with_furnace":18,"minecraft:mob_kills":31,"minecraft:interact_with_crafting_table":15,"minecraft:interact_with_cartography_table":1,"minecraft:leave_game":10,"minecraft:time_since_death":53503,"minecraft:sleep_in_bed":9,"minecraft:climb_one_cm":415,"minecraft:time_since_rest":7066,"minecraft:sprint_one_cm":403178,"minecraft:damage_taken":4284,"minecraft:walk_one_cm":641969,"minecraft:drop":15,"minecraft:damage_dealt":3489,"minecraft:player_kills":1,"minecraft:swim_one_cm":31392,"minecraft:fly_one_cm":228314,"minecraft:open_chest":31,"minecraft:crouch_one_cm":692,"minecraft:play_time":303802,"minecraft:sneak_time":390,"minecraft:deaths":4,"minecraft:walk_under_water_one_cm":115072,"minecraft:jump":3077,"minecraft:walk_on_water_one_cm":177007,"minecraft:total_world_time":303802,"minecraft:fall_one_cm":64578}},"DataVersion":3465}