{"stats":{"minecraft:killed_by":{"mekanismadditions:baby_skeleton":2},"minecraft:crafted":{"minecraft:cooked_beef":1,"minecraft:cooked_porkchop":2,"minecraft:cooked_chicken":4,"minecraft:furnace":1,"minecraft:cooked_mutton":9,"minecraft:stick":32,"minecraft:iron_ingot":12,"minecraft:iron_pickaxe":3,"minecraft:wooden_axe":3,"minecraft:acacia_planks":12,"minecraft:torch":80},"minecraft:used":{"minecraft:diorite":1,"minecraft:stone_pickaxe":131,"mekanism:personal_chest":1,"minecraft:cooked_chicken":2,"minecraft:torch":75,"minecraft:dirt":2,"minecraft:red_bed":2,"minecraft:wooden_axe":122,"minecraft:acacia_door":1,"minecraft:bread":51,"minecraft:iron_pickaxe":632,"minecraft:gravel":2,"minecraft:cobblestone":167,"minecraft:furnace":1},"minecraft:killed":{"minecraft:pig":6,"minecraft:skeleton":3,"minecraft:sheep":8,"minecraft:zombie":1,"minecraft:chicken":6,"minecraft:cow":4},"minecraft:picked_up":{"minecraft:wooden_axe":1,"minecraft:feather":5,"minecraft:chicken":6,"mekanism:raw_uranium":5,"minecraft:andesite":2,"minecraft:leather":4,"minecraft:tuff":1,"minecraft:oak_log":5,"minecraft:dirt":33,"minecraft:lapis_lazuli":17,"minecraft:red_bed":2,"minecraft:raw_copper":139,"minecraft:acacia_door":1,"minecraft:bone":6,"minecraft:glass_pane":7,"minecraft:wheat_seeds":237,"minecraft:cobbled_deepslate":24,"minecraft:stone_pickaxe":1,"minecraft:beef":6,"minecraft:tall_grass":3,"minecraft:iron_pickaxe":6,"minecraft:sugar_cane":5,"minecraft:egg":1,"minecraft:stick":6,"minecraft:raw_iron":58,"minecraft:acacia_fence":1,"minecraft:pumpkin":8,"minecraft:torch":48,"minecraft:acacia_log":13,"minecraft:dripstone_block":7,"minecraft:gravel":4,"minecraft:porkchop":13,"minecraft:sand":9,"dynamictrees:acacia_seed":1,"minecraft:pointed_dripstone":12,"minecraft:diorite":8,"minecraft:redstone":131,"mekanism:raw_osmium":17,"mekanism:raw_tin":19,"minecraft:orange_bed":2,"minecraft:arrow":6,"minecraft:rotten_flesh":2,"minecraft:hay_block":1,"mekanism:fluorite_gem":7,"minecraft:granite":27,"minecraft:gray_wool":1,"minecraft:bread":25,"minecraft:obsidian":5,"mekanism:personal_chest":1,"minecraft:black_wool":1,"minecraft:mutton":12,"minecraft:coal":281,"minecraft:white_wool":10,"minecraft:cobblestone":271,"minecraft:birch_log":19},"minecraft:dropped":{"mekanism:dust_steel":1,"minecraft:cooked_chicken":2,"minecraft:rotten_flesh":2,"minecraft:diorite":1,"minecraft:iron_pickaxe":6},"minecraft:broken":{"minecraft:stone_pickaxe":1,"minecraft:iron_pickaxe":2,"minecraft:wooden_axe":3},"minecraft:mined":{"minecraft:deepslate_redstone_ore":15,"minecraft:tuff":1,"mekanism:osmium_ore":17,"minecraft:red_bed":2,"minecraft:sculk_vein":3,"minecraft:glow_lichen":1,"minecraft:torch":2,"minecraft:granite":28,"minecraft:acacia_log":13,"minecraft:grass_block":9,"mekanism:tin_ore":12,"minecraft:sculk_sensor":2,"minecraft:tall_grass":1,"minecraft:copper_ore":40,"minecraft:cobblestone":8,"minecraft:lapis_ore":2,"minecraft:sculk":6,"minecraft:diorite":4,"minecraft:wall_torch":36,"minecraft:hay_block":2,"minecraft:redstone_ore":4,"minecraft:birch_log":20,"minecraft:iron_ore":50,"minecraft:andesite":2,"minecraft:pumpkin":8,"minecraft:grass":34,"mekanism:deepslate_tin_ore":8,"minecraft:oak_log":5,"minecraft:coal_ore":265,"minecraft:deepslate_iron_ore":7,"mekanism:deepslate_fluorite_ore":2,"minecraft:sand":9,"minecraft:dripstone_block":1,"minecraft:gravel":3,"minecraft:acacia_door":1,"minecraft:dirt":12,"mekanism:deepslate_uranium_ore":5,"minecraft:stone":236,"minecraft:oak_leaves":2,"minecraft:deepslate":22,"minecraft:orange_bed":1},"minecraft:custom":{"minecraft:interact_with_furnace":17,"minecraft:mob_kills":28,"minecraft:interact_with_crafting_table":13,"minecraft:interact_with_cartography_table":1,"minecraft:leave_game":5,"minecraft:time_since_death":52647,"minecraft:sleep_in_bed":7,"minecraft:climb_one_cm":286,"minecraft:time_since_rest":22008,"minecraft:sprint_one_cm":356933,"minecraft:damage_taken":3159,"minecraft:walk_one_cm":507749,"minecraft:drop":12,"minecraft:damage_dealt":2981,"minecraft:swim_one_cm":20718,"minecraft:fly_one_cm":199977,"minecraft:open_chest":25,"minecraft:crouch_one_cm":583,"minecraft:play_time":235349,"minecraft:deaths":2,"minecraft:sneak_time":306,"minecraft:walk_under_water_one_cm":93561,"minecraft:jump":2594,"minecraft:walk_on_water_one_cm":149828,"minecraft:total_world_time":235349,"minecraft:fall_one_cm":56038}},"DataVersion":3465}