{"stats":{"minecraft:killed_by":{"minecraft:creeper":1,"mekanismadditions:baby_skeleton":2,"minecraft:zombie":1},"minecraft:crafted":{"minecraft:cooked_chicken":4,"minecraft:furnace":2,"minecraft:cooked_mutton":9,"minecraft:cooked_beef":5,"minecraft:cooked_porkchop":7,"minecraft:crafting_table":1,"minecraft:stone_axe":1,"minecraft:stick":36,"minecraft:iron_pickaxe":4,"minecraft:iron_ingot":15,"minecraft:wooden_axe":3,"minecraft:acacia_planks":12,"minecraft:torch":80},"minecraft:used":{"minecraft:cooked_chicken":2,"minecraft:orange_bed":2,"minecraft:torch":90,"minecraft:dirt":2,"minecraft:wooden_axe":162,"minecraft:furnace":2,"minecraft:cooked_beef":1,"minecraft:cooked_mutton":9,"minecraft:water_bucket":1,"minecraft:diorite":1,"minecraft:stone_pickaxe":131,"mekanism:personal_chest":4,"minecraft:crafting_table":4,"minecraft:red_bed":2,"minecraft:acacia_door":1,"minecraft:bread":54,"minecraft:iron_pickaxe":1086,"minecraft:gravel":2,"minecraft:stone_axe":45,"minecraft:cobblestone":227,"minecraft:bucket":1},"minecraft:killed":{"minecraft:skeleton":4,"minecraft:chicken":6,"minecraft:pig":8,"minecraft:sheep":8,"minecraft:zombie":2,"minecraft:cow":9},"minecraft:picked_up":{"minecraft:wooden_axe":2,"minecraft:crafting_table":4,"minecraft:chicken":6,"mekanism:raw_uranium":18,"minecraft:red_bed":2,"minecraft:string":1,"minecraft:raw_copper":146,"minecraft:acacia_door":1,"minecraft:glass_pane":7,"minecraft:cobbled_deepslate":188,"minecraft:beef":15,"minecraft:iron_pickaxe":8,"minecraft:sugar_cane":5,"minecraft:egg":4,"minecraft:stick":8,"minecraft:raw_iron":90,"minecraft:acacia_fence":1,"mekanism:jetpack":1,"minecraft:torch":52,"minecraft:acacia_log":13,"minecraft:porkchop":18,"minecraft:pointed_dripstone":12,"minecraft:diorite":8,"minecraft:redstone":190,"mekanism:raw_tin":39,"minecraft:orange_bed":4,"minecraft:arrow":7,"minecraft:rotten_flesh":2,"minecraft:hay_block":1,"minecraft:mutton":12,"minecraft:obsidian":5,"mekanism:personal_chest":1,"minecraft:white_wool":10,"minecraft:cobblestone":349,"minecraft:birch_log":29,"minecraft:feather":5,"minecraft:lilac":15,"mekanism:raw_lead":1,"minecraft:water_bucket":1,"minecraft:andesite":8,"minecraft:leather":7,"minecraft:flint":3,"minecraft:tuff":5,"minecraft:oak_log":16,"minecraft:lapis_lazuli":183,"minecraft:dirt":52,"minecraft:bone":8,"minecraft:wheat_seeds":237,"minecraft:raw_gold":8,"quark:glow_shroom":1,"minecraft:stone_pickaxe":1,"minecraft:tall_grass":3,"minecraft:pumpkin":8,"minecraft:dripstone_block":7,"minecraft:gravel":10,"minecraft:sand":9,"dynamictrees:acacia_seed":1,"quark:glow_lichen_growth":2,"mekanism:raw_osmium":39,"minecraft:diamond":1,"minecraft:granite":28,"mekanism:fluorite_gem":13,"minecraft:gray_wool":1,"minecraft:bread":25,"minecraft:oak_sapling":1,"minecraft:black_wool":1,"minecraft:coal":306},"minecraft:dropped":{"mekanism:dust_steel":1,"minecraft:dirt":19,"minecraft:diorite":1,"minecraft:torch":1,"minecraft:wooden_axe":1,"minecraft:iron_pickaxe":7,"minecraft:cooked_chicken":2,"minecraft:rotten_flesh":2},"minecraft:broken":{"minecraft:stone_pickaxe":1,"minecraft:iron_pickaxe":3,"minecraft:wooden_axe":4},"minecraft:mined":{"minecraft:tuff":5,"minecraft:deepslate_diamond_ore":2,"minecraft:sculk_vein":3,"mekanism:deepslate_osmium_ore":16,"minecraft:glow_lichen":1,"minecraft:granite":29,"minecraft:acacia_log":13,"minecraft:grass_block":17,"quark:glow_lichen_growth":1,"minecraft:hay_block":2,"minecraft:redstone_ore":4,"minecraft:iron_ore":80,"minecraft:andesite":8,"minecraft:pumpkin":8,"minecraft:deepslate_lapis_ore":26,"minecraft:deepslate_iron_ore":10,"minecraft:stone":316,"minecraft:orange_bed":3,"minecraft:deepslate_redstone_ore":28,"mekanism:osmium_ore":23,"minecraft:red_bed":2,"minecraft:crafting_table":4,"minecraft:torch":2,"mekanism:tin_ore":32,"minecraft:sculk_sensor":2,"minecraft:tall_grass":1,"minecraft:copper_ore":42,"minecraft:cobblestone":9,"minecraft:lapis_ore":2,"minecraft:deepslate_gold_ore":8,"minecraft:sculk":6,"minecraft:diorite":4,"minecraft:wall_torch":39,"minecraft:birch_log":30,"minecraft:lilac":15,"minecraft:birch_leaves":1,"quark:glow_shroom":1,"minecraft:grass":37,"mekanism:deepslate_tin_ore":8,"minecraft:oak_log":16,"minecraft:coal_ore":291,"mekanism:lead_ore":1,"minecraft:dripstone_block":1,"mekanism:deepslate_fluorite_ore":4,"minecraft:acacia_door":1,"minecraft:gravel":12,"minecraft:sand":9,"minecraft:dirt":23,"mekanism:deepslate_uranium_ore":18,"minecraft:oak_leaves":29,"minecraft:deepslate":186},"minecraft:custom":{"minecraft:mob_kills":38,"minecraft:interact_with_crafting_table":27,"minecraft:leave_game":11,"minecraft:time_since_death":93995,"minecraft:climb_one_cm":415,"minecraft:sprint_one_cm":437392,"minecraft:walk_one_cm":742761,"minecraft:drop":34,"minecraft:play_time":344294,"minecraft:deaths":4,"minecraft:sneak_time":401,"minecraft:walk_under_water_one_cm":115072,"minecraft:jump":3484,"minecraft:walk_on_water_one_cm":177007,"minecraft:total_world_time":344294,"minecraft:interact_with_furnace":24,"minecraft:interact_with_cartography_table":1,"minecraft:sleep_in_bed":12,"minecraft:time_since_rest":15213,"minecraft:damage_taken":4634,"minecraft:damage_dealt":4189,"minecraft:swim_one_cm":31392,"minecraft:fly_one_cm":241982,"minecraft:player_kills":1,"minecraft:open_chest":33,"minecraft:crouch_one_cm":696,"minecraft:fall_one_cm":72089}},"DataVersion":3465}