{"stats":{"minecraft:mined":{"minecraft:oak_log":3,"minecraft:oak_leaves":12},"minecraft:picked_up":{"minecraft:oak_log":3},"minecraft:custom":{"minecraft:jump":33,"minecraft:time_since_rest":5607,"minecraft:damage_taken":150,"minecraft:crouch_one_cm":1166,"minecraft:sprint_one_cm":5987,"minecraft:leave_game":4,"minecraft:play_time":5607,"minecraft:time_since_death":5607,"minecraft:walk_one_cm":942,"minecraft:sneak_time":624,"minecraft:total_world_time":5607,"minecraft:fall_one_cm":1956,"minecraft:fly_one_cm":14786},"minecraft:used":{"dynamictrees:acacia_seed":1,"minecraft:bone_meal":1}},"DataVersion":3465}