{
  "mekanism:root": {
    "criteria": {
      "automatic": "2024-07-17 05:40:18 +0000"
    },
    "done": true
  },
  "minecraft:adventure/adventuring_time": {
    "criteria": {
      "minecraft:savanna_plateau": "2024-07-17 22:27:22 +0000",
      "minecraft:river": "2024-07-17 22:36:47 +0000",
      "minecraft:dripstone_caves": "2024-07-17 22:50:47 +0000",
      "minecraft:forest": "2024-07-17 05:40:20 +0000",
      "minecraft:deep_dark": "2024-07-18 06:28:40 +0000",
      "minecraft:savanna": "2024-07-17 22:27:38 +0000",
      "minecraft:plains": "2024-07-18 07:11:29 +0000"
    },
    "done": false
  },
  "minecraft:story/root": {
    "criteria": {
      "crafting_table": "2024-07-17 22:24:12 +0000"
    },
    "done": true
  },
  "minecraft:adventure/root": {
    "criteria": {
      "killed_something": "2024-07-17 22:24:35 +0000"
    },
    "done": true
  },
  "minecraft:adventure/sleep_in_bed": {
    "criteria": {
      "slept_in_bed": "2024-07-17 22:35:00 +0000"
    },
    "done": true
  },
  "minecraft:story/form_obsidian": {
    "criteria": {
      "obsidian": "2024-07-17 22:35:09 +0000"
    },
    "done": true
  },
  "minecraft:story/obtain_armor": {
    "criteria": {
      "iron_boots": "2024-07-17 22:35:10 +0000"
    },
    "done": true
  },
  "minecraft:story/smelt_iron": {
    "criteria": {
      "iron": "2024-07-17 22:35:10 +0000"
    },
    "done": true
  },
  "minecraft:husbandry/balanced_diet": {
    "criteria": {
      "cooked_porkchop": "2024-07-18 07:16:34 +0000",
      "bread": "2024-07-17 22:35:43 +0000",
      "cooked_chicken": "2024-07-18 05:55:38 +0000"
    },
    "done": false
  },
  "minecraft:husbandry/root": {
    "criteria": {
      "consumed_item": "2024-07-17 22:35:43 +0000"
    },
    "done": true
  },
  "minecraft:adventure/kill_all_mobs": {
    "criteria": {
      "minecraft:skeleton": "2024-07-17 22:48:06 +0000",
      "minecraft:spider": "2024-07-18 06:12:06 +0000",
      "minecraft:creeper": "2024-07-18 21:32:18 +0000",
      "quark:forgotten": "2024-07-18 07:20:00 +0000",
      "minecraft:zombie": "2024-07-17 22:36:05 +0000",
      "minecraft:zombie_villager": "2024-07-18 06:58:19 +0000"
    },
    "done": false
  },
  "minecraft:adventure/kill_a_mob": {
    "criteria": {
      "minecraft:zombie": "2024-07-17 22:36:05 +0000"
    },
    "done": true
  },
  "minecraft:husbandry/plant_seed": {
    "criteria": {
      "wheat": "2024-07-17 22:37:31 +0000"
    },
    "done": true
  },
  "mekanismadditions:hurt_by_babies": {
    "criteria": {
      "baby_skeleton": "2024-07-17 22:46:52 +0000"
    },
    "done": false
  },
  "minecraft:story/deflect_arrow": {
    "criteria": {
      "deflected_projectile": "2024-07-17 22:47:58 +0000"
    },
    "done": true
  },
  "minecraft:husbandry/tame_an_animal": {
    "criteria": {
      "tamed_animal": "2024-07-17 22:49:00 +0000"
    },
    "done": true
  },
  "minecraft:story/mine_stone": {
    "criteria": {
      "get_stone": "2024-07-17 22:49:39 +0000"
    },
    "done": true
  },
  "minecraft:story/upgrade_tools": {
    "criteria": {
      "stone_pickaxe": "2024-07-17 22:49:47 +0000"
    },
    "done": true
  },
  "minecraft:story/iron_tools": {
    "criteria": {
      "iron_pickaxe": "2024-07-18 05:53:47 +0000"
    },
    "done": true
  },
  "mekanismadditions:not_the_babies": {
    "criteria": {
      "baby_skeleton": "2024-07-18 05:56:26 +0000"
    },
    "done": true
  },
  "mekanism:materials": {
    "criteria": {
      "material": "2024-07-18 06:02:23 +0000"
    },
    "done": true
  },
  "minecraft:adventure/shoot_arrow": {
    "criteria": {
      "shot_arrow": "2024-07-18 06:22:37 +0000"
    },
    "done": true
  },
  "mekanismgenerators:heat_generator": {
    "criteria": {
      "heat_generator": "2024-07-18 06:45:45 +0000"
    },
    "done": true
  },
  "mekanism:metallurgic_infuser": {
    "criteria": {
      "metallurgic_infuser": "2024-07-18 06:46:46 +0000"
    },
    "done": true
  },
  "mekanism:infused_alloy": {
    "criteria": {
      "alloy_infused": "2024-07-18 06:53:34 +0000"
    },
    "done": true
  },
  "minecraft:story/lava_bucket": {
    "criteria": {
      "lava_bucket": "2024-07-18 06:57:03 +0000"
    },
    "done": true
  },
  "mekanism:fluid_tank": {
    "criteria": {
      "basic_fluid_tank": "2024-07-18 06:58:54 +0000"
    },
    "done": true
  },
  "mekanismgenerators:solar_generator": {
    "criteria": {
      "solar_generator": "2024-07-18 07:04:13 +0000"
    },
    "done": true
  },
  "mekanism:steel_ingot": {
    "criteria": {
      "ingot_steel": "2024-07-18 07:07:53 +0000"
    },
    "done": true
  },
  "mekanism:energy_transport": {
    "criteria": {
      "basic_universal_cable": "2024-07-18 07:08:02 +0000"
    },
    "done": true
  },
  "quark:get_forgotten_hat": {
    "criteria": {
      "get_forgotten_hat": "2024-07-18 07:20:02 +0000"
    },
    "done": true
  },
  "minecraft:adventure/avoid_vibration": {
    "criteria": {
      "avoid_vibration": "2024-07-18 07:22:17 +0000"
    },
    "done": true
  },
  "minecraft:story/mine_diamond": {
    "criteria": {
      "diamond": "2024-07-18 07:26:51 +0000"
    },
    "done": true
  },
  "mekanism:steel_casing": {
    "criteria": {
      "steel_casing": "2024-07-18 07:38:17 +0000"
    },
    "done": true
  },
  "mekanism:energy_cube": {
    "criteria": {
      "basic_energy_cube": "2024-07-18 07:38:45 +0000"
    },
    "done": true
  },
  "mekanism:basic_control_circuit": {
    "criteria": {
      "basic_control_circuit": "2024-07-18 21:12:16 +0000"
    },
    "done": true
  },
  "mekanism:enricher": {
    "criteria": {
      "enrichment_chamber": "2024-07-18 21:14:55 +0000"
    },
    "done": true
  },
  "mekanism:personal_storage": {
    "criteria": {
      "storage": "2024-07-18 21:24:50 +0000"
    },
    "done": true
  },
  "mekanism:chemical_tank": {
    "criteria": {
      "basic_chemical_tank": "2024-07-18 21:30:01 +0000"
    },
    "done": true
  },
  "mekanism:hydrogen_powered_flight": {
    "criteria": {
      "jetpack": "2024-07-18 21:34:33 +0000"
    },
    "done": true
  },
  "DataVersion": 3465
}