{
  "mekanism:root": {
    "criteria": {
      "automatic": "2024-07-17 22:19:35 +0000"
    },
    "done": true
  },
  "minecraft:adventure/adventuring_time": {
    "criteria": {
      "quark:glimmering_weald": "2024-07-18 22:12:11 +0000",
      "minecraft:savanna_plateau": "2024-07-17 22:27:26 +0000",
      "minecraft:river": "2024-07-17 22:39:57 +0000",
      "minecraft:dripstone_caves": "2024-07-17 22:50:18 +0000",
      "minecraft:forest": "2024-07-17 22:19:36 +0000",
      "minecraft:deep_dark": "2024-07-18 07:18:20 +0000",
      "minecraft:savanna": "2024-07-17 22:27:25 +0000",
      "minecraft:plains": "2024-07-18 07:09:16 +0000"
    },
    "done": false
  },
  "minecraft:adventure/root": {
    "criteria": {
      "killed_something": "2024-07-17 22:27:30 +0000"
    },
    "done": true
  },
  "minecraft:adventure/sleep_in_bed": {
    "criteria": {
      "slept_in_bed": "2024-07-17 22:47:16 +0000"
    },
    "done": true
  },
  "minecraft:story/upgrade_tools": {
    "criteria": {
      "stone_pickaxe": "2024-07-17 22:50:01 +0000"
    },
    "done": true
  },
  "minecraft:story/mine_stone": {
    "criteria": {
      "get_stone": "2024-07-17 22:54:57 +0000"
    },
    "done": true
  },
  "minecraft:husbandry/balanced_diet": {
    "criteria": {
      "cooked_beef": "2024-07-18 22:00:44 +0000",
      "bread": "2024-07-17 22:57:44 +0000",
      "cooked_chicken": "2024-07-18 07:20:26 +0000"
    },
    "done": false
  },
  "minecraft:husbandry/root": {
    "criteria": {
      "consumed_item": "2024-07-17 22:57:44 +0000"
    },
    "done": true
  },
  "minecraft:story/smelt_iron": {
    "criteria": {
      "iron": "2024-07-18 05:52:39 +0000"
    },
    "done": true
  },
  "minecraft:story/iron_tools": {
    "criteria": {
      "iron_pickaxe": "2024-07-18 05:53:20 +0000"
    },
    "done": true
  },
  "mekanismadditions:hurt_by_babies": {
    "criteria": {
      "baby_skeleton": "2024-07-18 05:58:37 +0000"
    },
    "done": false
  },
  "minecraft:adventure/kill_all_mobs": {
    "criteria": {
      "minecraft:skeleton": "2024-07-18 06:28:51 +0000",
      "minecraft:zombie": "2024-07-18 06:34:14 +0000"
    },
    "done": false
  },
  "minecraft:adventure/kill_a_mob": {
    "criteria": {
      "minecraft:skeleton": "2024-07-18 06:28:51 +0000"
    },
    "done": true
  },
  "mekanism:materials": {
    "criteria": {
      "material": "2024-07-18 21:23:28 +0000"
    },
    "done": true
  },
  "mekanism:personal_storage": {
    "criteria": {
      "storage": "2024-07-18 21:26:02 +0000"
    },
    "done": true
  },
  "minecraft:story/form_obsidian": {
    "criteria": {
      "obsidian": "2024-07-18 21:30:53 +0000"
    },
    "done": true
  },
  "minecraft:story/mine_diamond": {
    "criteria": {
      "diamond": "2024-07-18 22:00:20 +0000"
    },
    "done": true
  },
  "DataVersion": 3465
}