{
  "mekanism:root": {
    "criteria": {
      "automatic": "2024-07-17 22:19:35 +0000"
    },
    "done": true
  },
  "minecraft:adventure/adventuring_time": {
    "criteria": {
      "minecraft:savanna_plateau": "2024-07-17 22:27:26 +0000",
      "minecraft:river": "2024-07-17 22:39:57 +0000",
      "minecraft:dripstone_caves": "2024-07-17 22:50:18 +0000",
      "minecraft:forest": "2024-07-17 22:19:36 +0000",
      "minecraft:savanna": "2024-07-17 22:27:25 +0000"
    },
    "done": false
  },
  "minecraft:adventure/root": {
    "criteria": {
      "killed_something": "2024-07-17 22:27:30 +0000"
    },
    "done": true
  },
  "minecraft:husbandry/balanced_diet": {
    "criteria": {
      "bread": "2024-07-17 22:57:44 +0000"
    },
    "done": false
  },
  "minecraft:story/mine_stone": {
    "criteria": {
      "get_stone": "2024-07-17 22:54:57 +0000"
    },
    "done": true
  },
  "minecraft:adventure/sleep_in_bed": {
    "criteria": {
      "slept_in_bed": "2024-07-17 22:47:16 +0000"
    },
    "done": true
  },
  "minecraft:husbandry/root": {
    "criteria": {
      "consumed_item": "2024-07-17 22:57:44 +0000"
    },
    "done": true
  },
  "minecraft:story/upgrade_tools": {
    "criteria": {
      "stone_pickaxe": "2024-07-17 22:50:01 +0000"
    },
    "done": true
  },
  "DataVersion": 3465
}